Rank,Pos,Number,Inactive,Rookie,Name,Team,GP,G,A,PTS,PM,PIM,PPG
1,C,23,,,"Rossi, Marco",OTT,56,39,81,120,69,40,7
2,LW,91,,,"Perfetti, Cole",SAG,61,37,74,111,49,16,6
3,C,11,,,"McMichael, Connor",LDN,52,47,55,102,32,26,16
4,C,26,,,"Tomasino, Philip",OSH,62,40,60,100,7,32,8
5,RW,34,,,"Kaliyev, Arthur",HAM,57,44,54,98,-7,28,16
6,LW,17,,,"Gogolev, Pavel",GUE,63,45,51,96,24,66,11
7,RW,24,,,"Garreffa, Joseph",OTT,52,36,54,90,48,2,10
8,LW,22,,,"Quinn, Jack",OTT,62,52,37,89,48,32,15
9,LW,9,,,"Keating, Austen",OTT,58,32,57,89,58,10,11
10,LW,16,,,"Robertson, Nick",PBO,46,55,31,86,29,40,13
11,C,44,,,"Thomas, Akil",PBO,49,24,60,84,19,56,6
12,C,13,,,"Neumann, Brett",OSH,62,45,38,83,1,20,14
13,C,8,,,"Hillis, Cam",GUE,62,24,59,83,28,43,1
14,C,55,,,"Byfield, Quinton",SBY,45,32,50,82,26,44,6
15,D,2,,,"Hoefenmayer, Noel",OTT,58,26,56,82,52,37,8
16,RW,71,,,"Foerster, Tyson",BAR,62,36,44,80,-17,53,18
17,RW,49,,,"Coskey, Cole",SAG,62,34,46,80,30,41,11
18,LW,91,,,"Oksentyuk, Evgeniy",FLNT,58,33,45,78,13,51,5
19,RW,27,,,"Josling, Sean",SAR,60,32,46,78,1,58,7
20,C,13,,,"Damiani, Riley",KIT,61,28,50,78,21,32,8
21,LW,77,,,"Golod, Maxim",ER,63,25,53,78,9,34,7
22,C,17,,,"Hoelscher, Mitchell",OTT,62,34,42,76,52,51,6
23,D,28,,,"Merkley, Ryan",LDN,60,15,61,76,20,48,8
24,LW,96,,,"Giroux, Damien",SAG,61,44,31,75,34,22,11
25,C,19,,,"Der-Arguchintsev, Semyon",PBO,55,12,63,75,11,23,3
26,C,29,,,"Yetman, Chad",ER,61,43,31,74,10,8,10
27,C,71,,,"Levin, David",SBY,57,27,46,73,6,39,7
28,LW,92,,,"Murray, Blake",SBY,63,35,37,72,9,58,8
29,C,11,,,"Schwindt, Cole",MISS,57,28,43,71,11,31,5
30,RW,90,,,"Hawel, Liam",KIT,54,23,48,71,28,51,6
31,RW,44,,,"Perreault, Jacob",SAR,57,39,31,70,-34,40,15
32,C,53,,,"Dellandrea, Ty",FLNT,47,32,38,70,-1,33,9
33,LW,34,,,"Popov, Sergey",OS,61,19,51,70,19,30,6
34,D,20,,,"Chisholm, Declan",PBO,59,13,56,69,17,33,6
35,LW,18,,,"Foudy, Liam",LDN,45,28,40,68,41,24,5
36,C,19,,,"McGregor, Ryan",SAR,52,27,41,68,-10,10,6
37,LW,11,,,"Afanasyev, Egor",WSR,62,31,36,67,14,40,10
38,C,7,,,"Angle, Tyler",WSR,62,29,38,67,13,38,7
39,C,61,,,"McShane, Allan",OSH,62,23,44,67,-26,12,8
40,C,51,,*,"Wright, Shane",KGN,58,39,27,66,-6,10,10
41,LW,44,,,"Gruden, Jonathan",LDN,59,30,36,66,20,23,8
42,C,71,,,"Tullio, Ty",OSH,62,27,39,66,-6,49,8
43,LW,18,,,"Trott, Zack",SOO,62,25,41,66,10,36,6
44,C,11,,,"Gallant, Zach",PBO,59,33,32,65,-2,89,17
45,C,88,,,"Meireles, Greg",KIT,48,31,34,65,19,34,10
46,LW,24,,,"Chenier, Brad",SBY,59,27,38,65,-18,71,12
47,D,33,,,"Lyle, Brady",OS,62,22,43,65,25,28,10
48,LW,14,,,"Hardie, James",MISS,59,34,29,63,9,16,11
49,LW,12,,,"Pekar, Matej",SBY,51,28,35,63,16,60,4
50,RW,9,,,"Lodnia, Ivan",NIAG,41,27,35,62,-1,22,4
51,D,27,,,"McCourt, Riley",FLNT,63,18,44,62,-4,44,6
52,RW,14,,,"Evangelista, Luke",LDN,62,23,38,61,15,12,0
53,C,39,,,"Rees, Jamieson",SAR,39,18,43,61,4,47,4
54,C,28,,,"Moncada, Luke",NB,62,34,26,60,-4,45,2
55,C,39,,,"Douglas, Curtis",WSR,62,30,30,60,13,59,5
56,D,72,,,"Regula, Alec",LDN,56,27,33,60,39,55,15
57,RW,93,,,"Yantsis, Jonathan",KIT,63,39,20,59,11,85,12
58,C,19,,,"Kirwin, Barret",OS,62,30,29,59,23,37,7
59,C,23,,,"Kerins, Rory",SOO,64,30,29,59,2,30,4
60,RW,74,,,"Wisdom, Zayde",KGN,62,29,30,59,-7,55,8
61,C,15,,,"Struthers, Matthew",OS,62,22,37,59,-21,45,8
62,RW,16,,,"Uba, Eric",GUE,63,29,29,58,22,61,4
63,LW,15,,,"Castleman, Oliver",NIAG,62,22,36,58,-15,36,12
64,C,6,,,"Suzuki, Ryan",SAG,44,18,40,58,8,24,4
65,C,28,,,"Morgan, Cody",FLNT,63,15,43,58,-3,4,4
66,RW,21,,,"Coe, Brandon",NB,60,25,32,57,-24,39,4
67,RW,14,,,"Busdeker, DJ",SAG,62,22,35,57,46,28,2
68,D,48,,,"Harley, Thomas",MISS,59,18,39,57,8,33,9
69,C,21,,,"Jenik, Jan",HAM,27,22,34,56,12,30,3
70,RW,37,,,"Roth, Ryan",SAR,63,22,34,56,-19,16,6
71,D,2,,,"Tucker, Tyler",FLNT,55,17,39,56,11,87,3
72,RW,7,,,"Wismer, Jack",FLNT,62,27,27,54,6,12,4
73,RW,12,,,"Durham, Jake",FLNT,63,22,32,54,0,42,6
74,D,8,,,"Corcoran, Connor",WSR,62,19,35,54,11,50,8
75,LW,12,,,"Kartye, Tye",SOO,64,25,28,53,14,28,5
76,C,82,,,"Willms, Jason",LDN,60,22,31,53,20,53,9
77,C,27,,,"Dudas, Aidan",OS,48,15,38,53,8,28,3
78,D,11,,,"Constantinou, Billy",SOO,60,9,44,53,-15,49,2
79,RW,26,,,"Pearson, Kaleb",OS,62,28,24,52,22,36,5
80,C,14,,,"Bulitka, Shane",NB,62,23,29,52,1,35,7
81,C,9,,,"Washkurak, Keean",MISS,49,22,30,52,-9,62,8
82,D,7,,,"Bergkvist, Axel",KIT,62,9,43,52,21,23,3
83,RW,24,,,"MacKay, Cole",SOO,64,25,26,51,5,42,9
84,LW,29,,,"D'Amico, Daniel",WSR,61,23,27,50,5,46,6
85,C,26,,,"Pytlik, Jaromir",SOO,56,22,28,50,5,36,8
86,C,14,,,"Carson, Macauley",SBY,63,22,28,50,3,71,6
87,LW,14,,,"Kirk, Liam",PBO,47,21,29,50,17,25,7
88,D,9,,,"Calisti, Robert",SOO,64,18,32,50,-14,64,9
89,C,84,,,"Bertuzzi, Tag",HAM,57,25,22,47,-29,23,8
90,RW,11,,,"Cardwell, Ethan",BAR,63,23,24,47,-2,41,5
91,RW,23,,,"Brown, Aidan",BAR,57,20,27,47,1,77,4
92,RW,14,,,"Noel, Serron",KIT,48,18,29,47,-7,36,4
93,D,4,,,"Drysdale, Jamie",ER,49,9,38,47,9,24,3
94,RW,71,,,"Sopa, Kyen",ER,52,19,27,46,-16,50,6
95,LW,18,,,"Robinson, Owen",SBY,63,15,31,46,2,16,3
96,C,15,,,"MacLean, Kyle",OSH,51,13,33,46,-1,64,4
97,C,9,,,"Morrison, Logan",HAM,59,23,22,45,-33,18,9
98,C,21,,,"Swankler, Austen",ER,59,18,27,45,9,61,3
99,RW,26,,,"Purboo, Cole",WSR,59,20,24,44,2,16,5
100,LW,3,,,"Whittaker, Richard",MISS,57,19,25,44,13,78,2
101,C,41,,,"Vierling, Evan",BAR,43,14,30,44,-9,12,1
102,D,12,,,"Millman, Mason",SAG,58,13,31,44,31,61,2
103,LW,17,,,"Petizian, Mike",KIT,63,21,22,43,20,36,1
104,RW,12,,,"Stevenson, Keegan",GUE,63,21,22,43,4,27,8
105,RW,10,,,"Roberts, Connor",FLNT,61,18,25,43,-3,28,2
106,C,14,,,"Frasca, Jordan",KGN,58,15,28,43,-27,45,3
107,C,93,,,"Foudy, Jean-Luc",WSR,59,15,28,43,-7,12,3
108,RW,20,,,"Peca, Jaden",SOO,63,15,28,43,-10,69,3
109,C,23,,*,"McTavish, Mason",PBO,57,29,13,42,-4,31,5
110,LW,13,,,"Cuylle, Will",WSR,62,22,20,42,-2,37,7
111,RW,27,,,"Russell, Mitchell",NB,51,21,21,42,-29,37,4
112,RW,25,,*,"McDonnell, Declan",KIT,63,21,21,42,8,28,6
113,RW,14,,,"Fowler, Hayden",ER,52,20,22,42,-11,78,8
114,C,22,,,"McMaster, Adam",OS,60,19,23,42,-7,2,4
115,LW,16,,,"Tabak, Anthony",BAR,67,11,31,42,-13,49,0
116,C,71,,*,"Pinelli, Francesco",KIT,59,18,23,41,15,18,5
117,D,44,,,"Staios, Nathan",HAM,60,6,35,41,-20,59,3
118,LW,19,,,"Carroll, Joe",SOO,52,25,15,40,3,33,7
119,RW,15,,,"Martin, Calvin",MISS,56,19,21,40,-7,23,2
120,LW,40,,,"Stranges, Antonio",LDN,61,19,21,40,-2,16,2
121,LW,12,,,"Canade, Nicholas",MISS,51,17,23,40,15,60,2
122,C,20,,,"Jenkins, Blade",SAG,47,16,24,40,12,18,3
123,LW,71,,*,"Dickinson, Tanner",SOO,64,9,31,40,-12,22,2
124,D,2,,,"Solovyov, Ilya",SAG,53,7,33,40,43,35,1
125,LW,55,,,"Valade, Reid",KIT,52,18,21,39,13,57,1
126,LW,14,,,"Guy, Brayden",SAR,59,16,23,39,-31,34,7
127,D,43,,,"Henault, Louka",WSR,62,1,38,39,11,38,0
128,D,55,,*,"Clarke, Brandt",BAR,57,6,32,38,-6,38,0
129,C,44,,*,"Harrison, Brett",OSH,58,21,16,37,-21,8,7
130,C,27,,,"Nelson, Josh",BAR,65,16,21,37,-1,6,0
131,LW,22,,,"Bignell, Luke",BAR,54,14,23,37,-1,68,4
132,D,21,,,"O'Rourke, Ryan",SOO,54,7,30,37,16,79,4
133,D,22,,,"Brahaney, Jakob",KGN,60,4,33,37,-28,57,2
134,RW,61,,,"Boka, Luke",WSR,59,17,19,36,15,33,1
135,LW,27,,,"Katic, Danny",SAG,62,13,23,36,7,63,1
136,C,14,,,"Ralph, Cedric",GUE,46,19,16,35,-7,11,7
137,C,92,,,"Antropov, Danil",SAG,61,12,23,35,-9,32,2
138,RW,19,,,"Piercey, Riley",FLNT,62,17,17,34,-8,43,3
139,LW,81,,*,"Pinchuk, Vitali",KGN,54,13,21,34,-12,12,2
140,RW,61,,*,"Stillman, Chase",SBY,58,13,21,34,0,63,0
141,C,17,,,"Dunkley, Nathan",LDN,62,13,21,34,-3,53,1
142,D,5,,,"Chayka, Daniil",GUE,56,11,23,34,9,18,2
143,LW,78,,*,"Othmann, Brennan",FLNT,55,17,16,33,3,36,3
144,C,73,,,"Uberti, Jake",NIAG,57,17,16,33,-33,40,6
145,RW,51,,,"Gilhula, Owen",SBY,51,14,19,33,9,26,2
146,RW,42,,,"Goldowski, Jake",SAG,62,14,19,33,7,22,2
147,C,28,,,"Grondin, Max",PBO,60,13,20,33,15,79,0
148,D,18,,,"Kolyachonok, Vladislav",FLNT,53,12,21,33,19,22,0
149,C,94,,,"Prueter, Aidan",MISS,55,12,21,33,-8,45,3
150,LW,8,,*,"Chromiak, Martin",KGN,28,11,22,33,0,2,4
151,D,2,,,"Robertson, Carter",OS,62,11,22,33,5,71,6
152,D,66,,,"Gross, Nico",OSH,53,9,24,33,-3,62,5
153,D,72,,,"Allensen, Nathan",BAR,55,8,25,33,5,56,2
154,LW,81,,,"Van Loon, Liam",HAM,56,3,30,33,7,45,1
155,RW,17,,,"D'Amato, Daniel",ER,63,18,14,32,15,21,1
156,RW,12,,,"Butler, Cameron",NIAG,66,18,14,32,-45,45,8
157,RW,67,,,"Wong, Nick",KGN,61,14,18,32,-35,16,7
158,D,22,,,"Thompson, Jack",SBY,63,13,19,32,-9,20,3
159,RW,19,,*,"Suni, Oliver",OSH,43,12,20,32,-7,6,6
160,LW,41,,,"Bitten, Sam",SAR,52,12,20,32,-23,27,2
161,D,26,,,"Belanger, Alec",OTT,61,10,22,32,22,20,2
162,D,83,,,"Skinner, Hunter",LDN,62,6,26,32,22,51,1
163,D,29,,,"Gordeev, Fedor",GUE,51,4,28,32,3,40,2
164,D,7,,,"Landry, Kade",HAM,59,4,28,32,-7,43,1
165,D,88,,,"Bahl, Kevin",OTT,54,6,25,31,40,83,1
166,D,8,,,"LeGuerrier, Jacob",SOO,61,6,25,31,4,74,0
167,D,88,,*,"Rafkin, Ruben",WSR,59,4,27,31,3,61,1
168,D,24,,,"Ham, Liam",MISS,57,3,28,31,4,74,0
169,LW,77,,,"Guskov, Matvey",LDN,62,16,14,30,6,48,1
170,C,55,,*,"Johnston, Wyatt",WSR,53,12,18,30,14,8,0
171,D,37,,,"Sebrango, Donovan",KIT,56,6,24,30,0,33,1
172,D,51,,,"Vukojevic, Michael",KIT,63,5,25,30,15,63,0
173,D,16,,,"Grima, Nick",NB,54,3,27,30,-30,61,1
174,LW,18,,,"Philip, Matthew",OS,48,19,10,29,5,22,2
175,LW,92,,,"Keppen, Ethan",FLNT,44,16,13,29,-16,31,4
176,RW,13,,,"Hayes, Avery",HAM,42,15,14,29,-16,8,2
177,LW,19,,,"Duhart, Dalton",SAG,58,14,15,29,4,24,0
178,LW,44,,,"Sellan, Brendan",ER,63,13,16,29,-2,18,3
179,D,55,,,"Hjorth, Eric",SAR,60,12,17,29,-22,26,2
180,D,45,,,"Hunter, Drew",ER,59,3,26,29,-5,34,0
181,C,9,,,"Phibbs, Jack",FLNT,61,16,12,28,13,16,0
182,LW,21,,,"Hutcheson, Nolan",SBY,55,15,13,28,5,41,2
183,RW,27,,,"Hinz, Brady",PBO,58,15,13,28,1,28,4
184,RW,96,,*,"Voit, Ty",SAR,49,8,20,28,-9,6,1
185,D,10,,,"King, Nick",KGN,54,8,20,28,-41,31,3
186,LW,18,,,"Hutton, Dustin",KGN,51,6,22,28,-3,10,0
187,D,12,,,"Moore, Lleyton",OSH,57,6,22,28,3,10,2
188,RW,25,,,"Groulx, Daylon",OTT,60,16,11,27,1,118,4
189,C,76,,,"Moskal, Billy",LDN,58,13,14,27,16,39,1
190,RW,71,,,"Collins, Ty",MISS,59,13,14,27,-6,33,1
191,C,73,,*,"Lockhart, Connor",ER,57,9,18,27,-16,16,4
192,C,26,,,"Baber, Camaryn",SAG,59,9,18,27,1,22,0
193,D,11,,,"Busby, Dennis",FLNT,63,5,22,27,5,33,1
194,D,5,,,"Golden, Jacob",ER,48,4,23,27,-9,8,1
195,D,8,,,"Perrott, Andrew",OS,62,4,23,27,15,66,1
196,D,11,,,"Vallati, Giovanni",OSH,61,1,26,27,10,49,0
197,RW,11,,,"Nurse, Isaac",HAM,31,15,11,26,-1,17,2
198,C,15,,,"Johnston, Alex",SOO,64,12,14,26,1,22,0
199,D,7,,,"Phillips, Isaak",SBY,63,9,17,26,4,27,1
200,LW,6,,,"Hadfield, Victor",BAR,46,8,18,26,4,26,0
201,C,19,,*,"Mysak, Jan",HAM,22,15,10,25,-12,10,4
202,LW,93,,,"Sproule, Emmett",ER,63,12,13,25,-13,10,1
203,C,7,,*,"Goure, Deni",OS,62,11,14,25,-10,4,3
204,RW,16,,,"Stepien, Ryan",OSH,61,9,16,25,-2,22,0
205,D,57,,,"Gravelle, Jake",HAM,57,4,21,25,-2,63,1
206,D,21,,,"Lalonde, Owen",FLNT,57,2,23,25,0,18,0
207,D,27,,,"Serensits, Emmett",SBY,63,1,24,25,11,45,0
208,LW,9,,,"Baker, Dawson",KGN,61,19,5,24,-27,107,3
209,C,28,,,"Bruder, Andrew",NIAG,56,8,16,24,-35,47,2
210,D,25,,,"Loponen, Kalle",SBY,56,6,18,24,5,29,4
211,C,27,,*,"Winterton, Ryan",HAM,53,12,11,23,-15,8,5
212,C,27,,,"Roach, Jacob",GUE,60,12,11,23,-6,44,1
213,RW,91,,,"Hoffmann, Brendan",ER,62,12,11,23,7,52,0
214,C,16,,,"Hill, Theo",SAR,53,11,12,23,-10,42,1
215,RW,11,,*,"Bakanov, Andrei",GUE,55,11,12,23,-19,14,2
216,LW,19,,,"Isaacson, Nick",MISS,59,10,13,23,2,49,1
217,D,58,,,"Beraldo, Adrien",NIAG,50,5,18,23,-32,63,2
218,C,10,,,"Tolnai, Cameron",OTT,52,8,14,22,8,18,1
219,LW,26,,*,"Jackson, Kyle",NB,62,8,14,22,-24,6,1
220,D,75,,,"Penman, Duncan",MISS,61,10,11,21,17,29,1
221,RW,5,,,"Pierce, Emmet",FLNT,55,6,15,21,12,19,1
222,D,42,,,"Supryka, Cameron",HAM,53,3,18,21,1,46,1
223,D,77,,,"Webb, Reilly",SAG,50,2,19,21,18,58,0
224,D,2,,,"Wilson, Hudson",PBO,58,1,20,21,26,36,0
225,D,6,,,"Maier, David",PBO,44,0,21,21,-2,18,0
226,LW,74,,,"Porco, Nicholas",BAR,50,9,11,20,-20,25,3
227,C,21,,,"Portokalis, William",MISS,61,9,11,20,-1,12,0
228,LW,15,,,"Mutter, Navrin",HAM,60,8,12,20,-15,107,0
229,LW,13,,*,"Arcuri, Francesco",KGN,60,7,13,20,-24,14,1
230,D,20,,,"Wainman, Josh",GUE,60,6,14,20,16,38,1
231,C,10,,*,"Samanski, Joshua",OS,54,4,16,20,3,20,0
232,C,11,,*,"Arnsby, Liam",NB,55,4,16,20,-25,63,0
233,RW,25,,,"McDonald, Kyle",WSR,52,13,6,19,-7,20,0
234,C,19,,,"Primeau, Mason",NB,45,11,8,19,-36,33,4
235,RW,29,,*,"Burroughs, Ethan",OS,53,8,11,19,14,6,1
236,D,41,,,"Henry, Kurtis",ER,62,8,11,19,0,71,1
237,LW,19,,*,"Beck, Jack",OTT,56,7,12,19,7,16,0
238,C,13,,*,"Cohen, Elias",ER,57,7,12,19,-10,13,0
239,C,20,,,"Langdon, Isaac",KIT,53,5,14,19,-4,9,0
240,D,7,,,"Rose, Simon",NB,51,4,15,19,-25,50,2
241,D,10,,,"Wale, Holden",KIT,59,4,15,19,5,17,0
242,D,77,,,"Betts, Dakota",NIAG,63,4,15,19,-33,52,1
243,D,28,,,"Okhotyuk, Nikita",OTT,39,3,16,19,30,35,0
244,D,88,,*,"Bjorgvik-Holm, Ole",MISS,57,2,17,19,-2,47,0
245,D,5,,,"Paquette, Jacob",PBO,59,1,18,19,25,37,0
246,C,13,,*,"Kressler, Braeden",FLNT,46,9,9,18,16,18,0
247,RW,22,,*,"Robertson, Tucker",PBO,55,8,10,18,1,20,0
248,D,95,,,"Nolet, Justin",SAR,51,6,12,18,6,10,1
249,LW,14,,*,"Diaco, George",HAM,55,6,12,18,2,18,2
250,D,34,,,"Duff, Jack",ER,63,4,14,18,18,77,0
251,D,44,,,"Peric, Lucas",KGN,58,3,15,18,-34,82,3
252,D,3,,,"Ladd, Grayson",WSR,53,2,16,18,8,6,0
253,D,5,,*,"Robinson, Dylan",WSR,55,2,16,18,13,52,1
254,D,65,,,"MacPherson, Justin",KIT,63,2,16,18,25,40,0
255,RW,92,,,"Clarke, Graeme",OTT,16,9,8,17,15,6,3
256,D,8,,,"Xhekaj, Arber",KIT,51,6,11,17,26,88,0
257,D,72,,,"King, DJ",SAG,54,5,12,17,18,78,0
258,D,12,,,"York, Jack",PBO,56,4,13,17,-6,37,0
259,D,5,,,"Samuelsson, Adam",SBY,43,3,14,17,3,49,0
260,D,2,,,"Renwick, Michael",HAM,59,3,14,17,2,42,0
261,RW,25,,*,"Christopoulos, Alex",NB,57,12,4,16,-34,10,2
262,RW,11,,,"De Simone, Jonah",NIAG,63,10,6,16,-28,22,1
263,C,72,,,"Johnson, Bradey",HAM,61,8,8,16,-1,15,0
264,RW,88,,,"Manikis, Kosta",SBY,42,7,9,16,-7,24,1
265,D,22,,*,"Smith, Mitchell",SAG,56,7,9,16,1,27,0
266,LW,21,,,"Winterton, Jacob",OSH,58,7,9,16,1,12,1
267,LW,22,,,"Caines, Harrison",NB,62,7,9,16,-37,48,0
268,C,15,,*,"Frasca, Jacob",BAR,51,6,10,16,-4,26,0
269,LW,17,,,"Little, Michael",PBO,54,6,10,16,-4,55,2
270,D,98,,,"Roberts, Elijah",NIAG,45,2,14,16,-38,27,0
271,D,10,,,"Howard, Mason",NIAG,54,8,7,15,-24,49,1
272,RW,26,,,"Parker-Jones, John",PBO,56,8,7,15,4,74,0
273,RW,11,,,"Rowe, Lucas",KGN,59,8,7,15,-10,35,0
274,LW,8,,,"Doherty, Jackson",NIAG,57,7,8,15,-27,62,0
275,C,9,,*,"Zhilkin, Danny",GUE,60,7,8,15,-5,22,1
276,C,39,,*,"Sherk, Lawson",HAM,62,5,10,15,2,42,1
277,D,26,,*,"Ottavainen, Ville",KIT,53,4,11,15,2,20,0
278,D,42,,,"Stratis, Peter",SAR,56,3,12,15,-16,34,2
279,D,43,,,"Murray, Jake",KGN,62,3,12,15,-16,18,0
280,D,20,,,"Henderson, Braden",NB,48,2,13,15,-33,30,0
281,D,63,,,"Ross, Liam",SBY,63,2,13,15,19,42,0
282,LW,24,,*,"Papais, Matthew",GUE,53,10,4,14,-2,28,0
283,LW,17,,*,"Bloom, Josh",SAG,54,6,8,14,-5,9,0
284,RW,10,,,"Denault, Chad",NB,58,6,8,14,-10,25,0
285,C,19,,*,"Serpa, Joseph",KIT,50,5,9,14,3,12,0
286,RW,43,,*,"Codd, Davis",SAG,53,5,9,14,1,10,0
287,D,77,,,"Kammerer, Colton",SAR,49,4,10,14,-15,39,0
288,RW,81,,,"Maggio, Matthew",WSR,45,3,11,14,2,8,0
289,D,22,,,"Stevenson, Thomas",WSR,51,3,11,14,15,23,0
290,D,6,,,"Vescio, Payton",HAM,61,3,11,14,-9,20,0
291,D,45,,,"Keane, Gerard",LDN,55,2,12,14,-1,68,0
292,D,42,,,"Brewer, Mitchell",OSH,60,2,12,14,-9,64,0
293,LW,13,,*,"Snow, Cameron",NIAG,57,7,6,13,-30,4,1
294,D,4,,,"Chibrikov, Igor",OS,55,6,7,13,7,26,0
295,LW,98,,,"Yule, Quinn",FLNT,56,4,9,13,-3,46,1
296,RW,91,,*,"Zito, Pasquale",WSR,46,3,10,13,-3,27,0
297,D,8,,*,"Winslow, Avery",NB,40,2,11,13,0,12,0
298,D,6,,,"Rippon, Merrick",OTT,36,1,12,13,18,63,0
299,D,7,,,"Bianconi, Michael",GUE,54,1,12,13,-4,18,0
300,D,26,,*,"Profaca, Luka",GUE,49,0,13,13,-3,22,0
301,RW,15,,,"Tymkin, Cole",LDN,33,6,6,12,3,73,1
302,RW,23,,,"Mack, Joseph",SAR,49,5,7,12,-15,16,1
303,LW,13,,*,"Boudreau, Marc",SOO,59,4,8,12,-2,51,0
304,LW,93,,*,"Callens, Maddox",KGN,51,3,9,12,-14,24,0
305,D,53,,*,"Morton, Cameron",ER,58,3,9,12,-12,46,0
306,D,28,,,"Woolley, Mark",OS,50,2,10,12,10,49,0
307,RW,11,,,"Varga, Adam",OTT,56,7,4,11,-9,4,0
308,C,61,,,"Theriault, Lucas",NIAG,48,5,6,11,-34,8,0
309,D,74,,,"Wilde, Bode",SAG,11,4,7,11,0,14,1
310,D,4,,*,"Christopoulos, Paul",NB,53,4,7,11,-41,31,2
311,LW,9,,*,"Currie, Josh",NB,54,4,7,11,-18,22,0
312,C,10,,*,"Avon, J.R.",PBO,56,4,7,11,-1,18,0
313,D,5,,,"Ennis, William",OSH,58,4,7,11,-14,37,0
314,D,52,,,"Phillips, Markus",LDN,25,3,8,11,26,13,0
315,LW,16,,,"Playfair, Chris",WSR,56,3,8,11,-3,11,0
316,LW,74,,*,"Sedore, Noah",ER,48,2,9,11,-10,17,0
317,D,25,,*,"Jesus, David",OSH,61,2,9,11,4,29,0
318,D,46,,*,"Motew, Simon",KIT,34,1,10,11,11,21,0
319,D,3,,*,"Mast, Ryan",SAR,58,1,10,11,-15,31,0
320,C,21,,*,"Crete, Yanic",OTT,41,7,3,10,-1,13,1
321,C,3,,*,"Agostinelli, Anthony",NIAG,50,5,5,10,-27,12,0
322,C,14,,,"McLean, Cullen",SOO,57,5,5,10,-13,18,1
323,C,86,,*,"Burke, Nolan",SAR,44,4,6,10,-18,4,0
324,LW,15,,*,"McMullen, Keegan",PBO,44,3,7,10,2,12,0
325,LW,7,,,"Pringle, Justin",KGN,54,3,7,10,-32,15,0
326,RW,22,,*,"McFarlane, Ben",GUE,54,4,5,9,-4,17,0
327,LW,43,,*,"Dodig, Max",MISS,58,4,5,9,-7,17,0
328,D,6,,*,"Holmes, Jacob",SOO,57,3,6,9,9,12,1
329,D,27,,*,"Steklov, Kirill",LDN,50,2,7,9,10,29,1
330,C,20,,,"Tourigny, Felix-Antoine",OTT,56,2,7,9,-7,4,0
331,D,3,,,"Hill, Mathew",BAR,63,2,7,9,-13,41,0
332,D,2,,*,"Mayotte, James",NB,50,1,8,9,-23,10,1
333,D,4,,*,"Enright, Isaac",NIAG,53,1,8,9,-23,34,0
334,D,8,,,"McNamara, Matt",PBO,53,0,9,9,12,16,0
335,D,27,,*,"Matier, Jack",OTT,56,0,9,9,11,19,0
336,LW,25,,*,"Lawrence, Kaleb",OS,39,5,3,8,2,6,0
337,C,67,,*,"Gagnier, Ryan",OSH,57,5,3,8,-3,22,0
338,C,62,,*,"Fishman, Jesse",KIT,48,4,4,8,7,20,0
339,D,18,,*,"Dillingham, Nolan",SAR,41,3,5,8,-7,34,0
340,C,21,,*,"Sims, Ethan",NIAG,47,3,5,8,-18,8,0
341,D,25,,,"Hiebert, Clark",GUE,38,2,6,8,10,6,0
342,C,28,,*,"Walker, Cooper",GUE,45,2,6,8,-8,8,0
343,D,27,,,"Cook, AJ",NIAG,50,1,7,8,-6,14,0
344,D,14,,*,"Chanton, Giancarlo",NIAG,56,1,7,8,-23,14,0
345,RW,25,,*,"Mufarreh, Dominic",SOO,32,4,3,7,-7,4,1
346,LW,24,,,"Walker, Daniel",OSH,18,3,4,7,-3,54,0
347,D,3,,*,"Sawyer, Teddy",OTT,36,3,4,7,2,27,1
348,D,28,,,"Hatcher, Kelton",SAR,38,3,4,7,-4,78,0
349,D,23,,*,"Ritchie, Ethan",KGN,34,2,5,7,6,4,0
350,D,37,,,"Callaghan, Charlie",MISS,44,2,5,7,-5,13,0
351,C,17,,,"Peters, Cameron",NIAG,48,2,5,7,-37,15,0
352,D,5,,,"Cameron, Christopher",BAR,55,2,5,7,0,69,0
353,D,9,,*,"Sedley, Sam",OS,42,1,6,7,1,4,0
354,LW,29,,*,"Michaud, Daniel",OSH,50,1,6,7,-1,14,1
355,D,6,,,"Seed, Nolan",OS,54,1,6,7,1,24,0
356,D,23,,,"Terry, Zack",GUE,49,0,7,7,-3,16,0
357,D,77,,*,"Del Mastro, Ethan",MISS,57,0,7,7,-6,28,0
358,D,12,,*,"Costantini, Anthony",OTT,59,0,7,7,21,22,0
359,RW,8,,*,"McKinney, Dawson",OSH,37,5,1,6,-3,22,0
360,LW,27,,,"MacDougall, Mathew",ER,21,3,3,6,-6,6,0
361,C,34,,*,"Del Monte, Ryan",BAR,49,3,3,6,-4,35,0
362,LW,39,,*,"McCue, Max",LDN,34,2,4,6,2,22,0
363,D,74,,*,"Roger, Ben",LDN,35,2,4,6,-2,6,0
364,D,2,,*,"Punnett, Connor",BAR,51,2,4,6,3,28,0
365,C,9,,*,"McCallum, Landon",SBY,52,2,4,6,-14,25,0
366,D,24,,,"Jakovljevic, Marko",SAR,59,2,4,6,-27,76,0
367,D,53,,*,"Mancini, Roberto",SAG,38,1,5,6,-2,16,0
368,LW,21,,*,"Machacek, Stepan",OS,39,1,5,6,-8,44,0
369,D,14,,,"Lemieux, Ian",BAR,49,1,5,6,-18,6,0
370,C,6,,*,"Maillet, Jacob",GUE,51,1,5,6,1,4,0
371,D,7,,,"Wawrow, Drew",SOO,56,1,5,6,1,22,0
372,C,73,,*,"DelBelBelluz, Luca",MISS,58,1,5,6,-13,8,0
373,LW,16,,*,"Johnston, Thomas",OTT,58,1,5,6,-2,36,0
374,D,3,,,"Has, Martin",GUE,21,0,6,6,-9,6,0
375,LW,89,,,"Resnick, Cole",OSH,30,0,6,6,-2,0,0
376,D,4,,*,"Deline, Tyler",FLNT,43,0,6,6,-9,23,0
377,D,5,,,"Schlueting, Pacey",NB,56,0,6,6,-33,32,0
378,C,18,,*,"Stubbs, Michael",MISS,40,4,1,5,-1,13,1
379,LW,24,,*,"Humphrey, Ryan",HAM,43,3,2,5,-7,23,1
380,D,57,,,"Sredl, Matthew",BAR,51,3,2,5,-21,30,1
381,LW,17,,,"Mercer, Kallaway",KGN,36,2,3,5,-11,6,0
382,C,20,,,"Wilson, Griffin",OS,36,2,3,5,-5,2,0
383,RW,18,,,"Dickerson, Graham",KIT,40,2,3,5,-5,26,0
384,RW,88,,*,"Duarte, Mark",HAM,27,1,4,5,1,10,0
385,RW,22,,*,"O'Donnell, Justin",SAR,44,1,4,5,-20,8,0
386,D,16,,,"Caron, Phil",SBY,9,0,5,5,3,8,0
387,D,5,,*,"Hach√©, Braden",KGN,29,0,5,5,1,15,0
388,D,7,,,"Spearing, Shawn",PBO,45,0,5,5,5,21,0
389,C,25,,*,"Young, Davis",HAM,12,3,1,4,-1,0,0
390,LW,12,,*,"Campbell, David",NB,27,2,2,4,-7,4,0
391,LW,16,,*,"LeSage, Logan",OS,21,1,3,4,0,15,0
392,D,28,,*,"Sharpe, Chas",MISS,29,1,3,4,9,6,0
393,RW,32,,,"McSorley, Tye",OSH,36,1,3,4,1,36,0
394,RW,17,,*,"Saye, Owen",SAR,41,1,3,4,-3,45,0
395,C,45,,*,"Larmand, Ethan",SBY,42,1,3,4,-13,19,0
396,G,35,,,"Daws, Nico",GUE,38,0,4,4,0,2,0
397,RW,28,,*,"Watson, Kalvyn",SOO,39,3,0,3,-3,15,0
398,LW,8,,*,"Korpialho, Niki",NB,15,2,1,3,-6,0,0
399,C,77,,*,"Giroux, Zacharie",FLNT,5,1,2,3,0,4,0
400,LW,13,,,"Robinson, Dylan",OTT,11,1,2,3,-2,8,0
401,C,17,,*,"Stevens, Christian",NB,22,1,2,3,-4,11,0
402,D,10,,*,"White, Gavin",HAM,25,1,2,3,-6,4,0
403,C,16,,*,"McGurn, Sean",LDN,38,1,2,3,-1,2,0
404,D,4,,*,"Ribau, Nathan",SBY,40,1,2,3,-11,18,0
405,D,22,,,"Gretz, Marcus",FLNT,42,1,2,3,6,15,0
406,LW,62,,,"Panwar, Sahil",LDN,48,1,2,3,-3,10,0
407,D,2,,,"Brand, Evan",KGN,57,1,2,3,-19,57,0
408,D,4,,,"Reesor, Ashton",SAR,7,0,3,3,-1,8,0
409,D,2,,,"Kischnick, Brendan",ER,29,0,3,3,-2,36,0
410,LW,10,,*,"Rolofs, Stuart",LDN,31,0,3,3,3,2,0
411,C,18,,,"Campbell, Ryan",NIAG,34,0,3,3,-10,6,0
412,D,3,,*,"Thompson, Ryan",NB,43,0,3,3,-9,38,0
413,G,32,,,"Popovich, Anthony",FLNT,47,0,3,3,0,2,0
414,G,27,,,"Edmonds, Kai",MISS,54,0,3,3,0,0,0
415,LW,12,,,"DeGurse, Nolan",SAR,3,1,1,2,1,2,0
416,C,2,,*,"DeGrazia, Nick",SBY,4,1,1,2,-1,0,0
417,C,89,,*,"Bressette, Brett",ER,8,1,1,2,-3,0,0
418,RW,8,,*,"Sirizzotti, Brenden",OTT,9,1,1,2,1,4,0
419,D,3,,,"Whittaker, Liam",OSH,26,1,1,2,-2,6,0
420,RW,17,,*,"Zagrzebski, Trey",BAR,43,1,1,2,-4,9,0
421,D,24,,*,"Guryev, Artem",PBO,14,0,2,2,3,4,0
422,D,17,,*,"Halushak, Matthew",SOO,26,0,2,2,-5,14,0
423,G,30,,,"Lennox, Tristan",SAG,33,0,2,2,0,6,0
424,D,58,,*,"Montgomery, Bryce",LDN,33,0,2,2,3,9,0
425,D,73,,*,"Harper, Jack",FLNT,39,0,2,2,-4,4,0
426,G,68,,,"Ingham, Jacob",KIT,46,0,2,2,0,2,0
427,D,2,,*,"Cato, Landon",NIAG,50,0,2,2,-30,54,0
428,G,1,,,"Guzda, Mack",OS,51,0,2,2,0,2,0
429,RW,13,,*,"Bowers, Rylan",MISS,3,1,0,1,0,0,1
430,LW,10,,*,"Dvurechenskii, Vladislav",BAR,9,1,0,1,-4,0,1
431,C,9,,,"Trolley, Curtis",PBO,12,1,0,1,-1,4,0
432,C,74,,*,"Biondi, Giordano",SBY,13,1,0,1,0,0,0
433,LW,8,,*,"Bulovs, Sebastian",SAG,16,1,0,1,1,2,0
434,C,19,,*,"Sikic, Marko",GUE,48,1,0,1,-7,0,0
435,RW,29,,,"Hardwick, Mat",NB,2,0,1,1,1,0,0
436,LW,91,,*,"Sop, Matthew",KIT,2,0,1,1,0,0,0
437,G,32,,,"Lamour, Cameron",NB,16,0,1,1,0,4,0
438,G,30,,,"Austin, Tye",PBO,17,0,1,1,0,0,0
439,G,31,,,"Pfeil, Lucas",KIT,19,0,1,1,0,2,0
440,G,37,,,"Cavallin, Luke",FLNT,20,0,1,1,0,0,0
441,D,2,,,"Campbell, Colin",GUE,23,0,1,1,0,4,0
442,G,31,,,"Myskiw, Dylan",LDN,23,0,1,1,0,0,0
443,G,31,,*,"Bennett, Owen",GUE,27,0,1,1,0,0,0
444,G,70,,*,"Gaudreau, Benjamin",SAR,28,0,1,1,0,4,0
445,G,1,,,"Piiroinen, Kari",WSR,30,0,1,1,0,0,0
446,G,70,,,"Weeks, Mitchell",SBY,30,0,1,1,0,0,0
447,G,40,,,"Brkin, Bailey",SOO,31,0,1,1,0,7,0
448,G,31,,,"Kooy, Jordan",OSH,32,0,1,1,0,2,0
449,G,31,,,"Roy, Zachary",HAM,33,0,1,1,0,2,0
450,G,33,,,"Langevin, Ethan",SAR,36,0,1,1,0,0,0
451,G,30,,*,"Brochu, Brett",LDN,42,0,1,1,0,0,0
452,G,33,,,"Propp, Christian",KGN,42,0,1,1,0,4,0
453,D,2,,,"Rupoli, Joseph",WSR,42,0,1,1,-13,30,0
454,G,1,,*,"Vrbetic, Joe",NB,42,0,1,1,0,4,0
455,G,30,,,"Andree, Cedrick",OTT,43,0,1,1,0,0,0
456,G,1,,,"Murphy, Daniel",ER,43,0,1,1,0,0,0
457,RW,15,,,"Brown, Patrick",NB,1,0,0,0,0,0,0
458,C,6,,,"Chantler, Jacob",LDN,1,0,0,0,0,0,0
459,LW,26,,*,"Dann, Nolan",SAR,1,0,0,0,1,0,0
460,G,30,,,"Dekoning, Nolan",SAR,1,0,0,0,0,0,0
461,G,88,,*,"Grainer, Peyton",FLNT,1,0,0,0,0,0,0
462,C,44,,,"Maltais, Brady",SBY,1,0,0,0,0,2,0
463,C,14,,*,"Way, Cooper",OSH,1,0,0,0,0,2,0
464,G,34,,,"Bowen, David",SBY,2,0,0,0,0,0,0
465,RW,38,,*,"Bowman, Braeden",GUE,2,0,0,0,0,0,0
466,G,45,,,"Drobac, Matteo",HAM,2,0,0,0,0,2,0
467,G,1,,*,"Onuska, Mathias",LDN,2,0,0,0,0,0,0
468,G,30,,*,"Proulx, Reece",NB,2,0,0,0,0,2,0
469,C,12,,,"Smith, Ryan",SBY,2,0,0,0,0,0,0
470,G,30,,,"Torchia, Nathan",KIT,2,0,0,0,0,0,0
471,G,31,,*,"Tovell, Matt",WSR,2,0,0,0,0,0,0
472,D,77,,*,"Jodoin, James",WSR,4,0,0,0,0,0,0
473,D,24,,*,"Mailloux, Logan",LDN,4,0,0,0,-2,2,0
474,RW,18,,*,"Patey, Cole",PBO,4,0,0,0,0,0,0
475,G,34,,*,"Rosenzweig, Josh",NIAG,4,0,0,0,0,0,0
476,RW,23,,,"Jacklin, Brett",SBY,5,0,0,0,0,11,0
477,D,6,,*,"Hollett, Ty",NB,6,0,0,0,1,7,0
478,D,6,,*,"Pitt, Riley",OSH,6,0,0,0,2,0,0
479,G,35,,,"Cicigoi, Christian",NB,7,0,0,0,0,0,0
480,D,4,,*,"Kavanagh, Josh",PBO,8,0,0,0,0,0,0
481,D,5,,*,"Gill-Shane, Ranvir",OTT,9,0,0,0,3,4,0
482,G,31,,,"Ranger, Joe",MISS,11,0,0,0,0,0,0
483,G,33,,,"Taylor, Ethan",SOO,12,0,0,0,0,0,0
484,G,31,,*,"Chenard, Nick",OS,13,0,0,0,0,0,0
485,G,31,,,"Malik, Nick",SOO,16,0,0,0,0,0,0
486,D,22,,,"Jenkins, Frank",HAM,18,0,0,0,-6,4,0
487,G,31,,*,"Cranley, Will",OTT,21,0,0,0,0,2,0
488,D,15,,*,"Kyrou, Christian",ER,21,0,0,0,-4,2,0
489,G,1,,*,"Tynan, Tucker",NIAG,23,0,0,0,0,2,0
490,G,37,,,"Sbaraglia, Christian",NIAG,24,0,0,0,0,5,0
491,G,31,,*,"Campbell, Aidan",ER,26,0,0,0,0,0,0
492,G,29,,,"Dugas, Ryan",KGN,32,0,0,0,0,4,0
493,G,31,,,"Frappier, Marshall",SAG,32,0,0,0,0,0,0
494,G,33,,,"Paputsakis, Zachary",OSH,32,0,0,0,0,2,0
495,G,31,,,"Greaves, Jet",BAR,33,0,0,0,0,0,0
496,G,33,,*,"Costantini, Marco",HAM,34,0,0,0,0,2,0
497,G,30,,,"Silovs, Arturs",BAR,36,0,0,0,0,16,0
498,G,30,,*,"Medina, Xavier",WSR,37,0,0,0,0,0,0
499,G,30,,,"MacLean, Andrew",NIAG,39,0,0,0,0,2,0
500,G,1,,,"Purboo, Christian",SBY,45,0,0,0,0,0,0
501,G,29,,,"Jones, Hunter",PBO,49,0,0,0,0,4,0
502,RW,61,X,,"Singer, Danial",ER,31,9,7,16,-2,10,0
503,LW,21,X,,"Berka, Marek",SAR,20,3,4,7,-4,4,0
504,LW,25,X,,"Golovatchev, Dennis",KGN,26,3,4,7,-4,8,0
505,RW,17,X,,"Nizhnikov, Kirill",OS,10,4,2,6,-1,2,2
506,RW,11,X,,"Tortora, Jacob",BAR,12,2,4,6,-1,7,1
507,LW,12,X,,"Drewitt, Luke",KGN,21,3,1,4,-4,4,1
508,LW,26,X,*,"Smith, Oliver",BAR,5,1,1,2,2,0,0
509,D,49,X,,"Beamish, Luke",ER,13,0,2,2,-1,4,0
510,C,93,X,,"Holmes, Hunter",FLNT,15,0,2,2,-8,17,0
511,LW,23,X,,"Christner, Callan",MISS,5,0,1,1,-2,7,0
512,C,96,X,,"Gritz, Alex",ER,5,0,1,1,-1,0,0
513,RW,20,X,,"Martin, Ian",KGN,5,0,1,1,0,0,0
514,C,92,X,,"Rhodes, Sam",BAR,9,0,1,1,0,2,0
515,D,8,X,,"Gordon, Emmett",KGN,15,0,1,1,-3,9,0
516,G,32,X,,"Wickware, Tanner",GUE,2,0,0,0,0,0,0
517,D,42,X,,"Davis, Hayden",MISS,10,0,0,0,-12,6,0
518,G,35,X,,"Bonello, Brendan",KGN,12,0,0,0,0,0,0